{"ACC": 0.8247422680412371, "RMSE": 0.41863794854117425, "MSE":0.17525773195876287 "MAE": 0.17525773195876287, "R2": 0.23015873015873012}